{
  "hash": "b21838d1",
  "configHash": "d116182c",
  "lockfileHash": "24187404",
  "browserHash": "4bf2bdfa",
  "optimized": {
    "@angular/common": {
      "src": "../../../../../../node_modules/@angular/common/fesm2022/common.mjs",
      "file": "@angular_common.js",
      "fileHash": "f29794bd",
      "needsInterop": false
    },
    "@angular/common/http": {
      "src": "../../../../../../node_modules/@angular/common/fesm2022/http.mjs",
      "file": "@angular_common_http.js",
      "fileHash": "81dbe7a2",
      "needsInterop": false
    },
    "@angular/core": {
      "src": "../../../../../../node_modules/@angular/core/fesm2022/core.mjs",
      "file": "@angular_core.js",
      "fileHash": "6d90a117",
      "needsInterop": false
    },
    "@angular/platform-browser": {
      "src": "../../../../../../node_modules/@angular/platform-browser/fesm2022/platform-browser.mjs",
      "file": "@angular_platform-browser.js",
      "fileHash": "cea49490",
      "needsInterop": false
    },
    "@angular/router": {
      "src": "../../../../../../node_modules/@angular/router/fesm2022/router.mjs",
      "file": "@angular_router.js",
      "fileHash": "7d3fc421",
      "needsInterop": false
    },
    "@angular/forms": {
      "src": "../../../../../../node_modules/@angular/forms/fesm2022/forms.mjs",
      "file": "@angular_forms.js",
      "fileHash": "33048eff",
      "needsInterop": false
    }
  },
  "chunks": {
    "chunk-AK62HMP5": {
      "file": "chunk-AK62HMP5.js"
    },
    "chunk-65PU36ZV": {
      "file": "chunk-65PU36ZV.js"
    },
    "chunk-OKWZKB73": {
      "file": "chunk-OKWZKB73.js"
    },
    "chunk-WVGQZYRG": {
      "file": "chunk-WVGQZYRG.js"
    }
  }
}